is_promo,total_products,selling_products,penetration_rate,avg_sales_of_selling_products
0,6875,6875,100.00000000000000,2414.4513454545454
1,3125,3125,100.00000000000000,2665.38016
