is_promo,total_sales,avg_sales,median_sales,q75_sales,q25_sales,stddev_sales,n_rows
0,1.6599353E7,2414.4513454545454,2398.0,3600.0,1198.0,1413.1331196735848,6875
1,8329313.0,2665.38016,2750.0,4005.0,1391.0,1469.2534393808633,3125
