is_promo,total_products,selling_products,penetration_rate,avg_sales_of_selling_products
0,6762,6762,100.00000000000000,2380.2238982549543
1,3238,3238,100.00000000000000,2728.1012970969737
