is_promo,total_sales,avg_sales,median_sales,q75_sales,q25_sales,stddev_sales,n_rows
0,1.6095074E7,2380.2238982549543,2361.0,3542.0,1174.0,1399.0744357913188,6762
1,8833592.0,2728.1012970969737,2830.0,4095.0,1442.0,1481.7451677951854,3238
